{
  "metadata": {
    "num_frames": 99,
    "num_joints": 17,
    "alignment": "DTW_pelvis_based",
    "expert_path": "review1\\visualization\\level3\\test_expert_aligned.npy",
    "user_path": "review1\\visualization\\level3\\test_user_aligned.npy"
  },
  "joint_statistics": {
    "nose": {
      "mean": 0.09234504663617735,
      "max": 0.2459564750222629,
      "std": 0.05909431892207596
    },
    "left_eye": {
      "mean": 0.08308819360265017,
      "max": 0.2620895116099105,
      "std": 0.05274081350640264
    },
    "right_eye": {
      "mean": 0.09978560600132674,
      "max": 0.39589998152966666,
      "std": 0.06404738767344459
    },
    "left_ear": {
      "mean": 0.09194689894034758,
      "max": 0.27051996743831386,
      "std": 0.058744473829512395
    },
    "right_ear": {
      "mean": 0.0905153421016448,
      "max": 0.21864109087535255,
      "std": 0.048370585024699826
    },
    "left_shoulder": {
      "mean": 0.1008746734653723,
      "max": 0.28684302889919766,
      "std": 0.056485804339275913
    },
    "right_shoulder": {
      "mean": 0.09745508731128671,
      "max": 0.2699300917779222,
      "std": 0.058230933906034676
    },
    "left_elbow": {
      "mean": 0.09504412292895581,
      "max": 0.2611802093605588,
      "std": 0.06065944733849578
    },
    "right_elbow": {
      "mean": 0.09210002766725581,
      "max": 0.23791525993583187,
      "std": 0.05201962969945127
    },
    "left_wrist": {
      "mean": 0.094396278366592,
      "max": 0.23239899788162488,
      "std": 0.04965443621826912
    },
    "right_wrist": {
      "mean": 0.08853161776046194,
      "max": 0.25770436553159887,
      "std": 0.0489643301555369
    },
    "left_hip": {
      "mean": 0.09465491893824994,
      "max": 0.2992349419222816,
      "std": 0.06012788946212636
    },
    "right_hip": {
      "mean": 0.10919771023315143,
      "max": 0.32139567248138107,
      "std": 0.07065346857514462
    },
    "left_knee": {
      "mean": 0.13465527325384066,
      "max": 0.5785416172768824,
      "std": 0.10810590910875863
    },
    "right_knee": {
      "mean": 0.10002363273642907,
      "max": 0.2792581800011444,
      "std": 0.05710042614694737
    },
    "left_ankle": {
      "mean": 0.09875106410429324,
      "max": 0.26633709555365725,
      "std": 0.05860860409907449
    },
    "right_ankle": {
      "mean": 0.0963127805895522,
      "max": 0.24270942068939313,
      "std": 0.05563905975190953
    }
  },
  "frame_statistics": {
    "0": {
      "mean_error": 0.09629646314633393,
      "max_error": 0.15580470483285525
    },
    "1": {
      "mean_error": 0.09374103830264122,
      "max_error": 0.15766153104917452
    },
    "2": {
      "mean_error": 0.08916635594885407,
      "max_error": 0.2196519157153948
    },
    "3": {
      "mean_error": 0.10529608010120092,
      "max_error": 0.1971182691954942
    },
    "4": {
      "mean_error": 0.09545877972586402,
      "max_error": 0.16538162462755865
    },
    "5": {
      "mean_error": 0.08792436813165014,
      "max_error": 0.21864109087535255
    },
    "6": {
      "mean_error": 0.11526451986595199,
      "max_error": 0.3109604636811748
    },
    "7": {
      "mean_error": 0.11703735429200185,
      "max_error": 0.2719433353860837
    },
    "8": {
      "mean_error": 0.07788182573534841,
      "max_error": 0.23131593154910338
    },
    "9": {
      "mean_error": 0.08253623792754976,
      "max_error": 0.17973437463851324
    },
    "10": {
      "mean_error": 0.07223166831843221,
      "max_error": 0.16155053770303904
    },
    "11": {
      "mean_error": 0.11340221234323371,
      "max_error": 0.18673759993208516
    },
    "12": {
      "mean_error": 0.11634739852975107,
      "max_error": 0.21656080506765216
    },
    "13": {
      "mean_error": 0.10270956702642196,
      "max_error": 0.18546364792726158
    },
    "14": {
      "mean_error": 0.11418076016982658,
      "max_error": 0.2620895116099105
    },
    "15": {
      "mean_error": 0.0935009636548307,
      "max_error": 0.15677068985945375
    },
    "16": {
      "mean_error": 0.0977014778113256,
      "max_error": 0.2077547567024287
    },
    "17": {
      "mean_error": 0.09516079558201704,
      "max_error": 0.1885771387129517
    },
    "18": {
      "mean_error": 0.10729056869268977,
      "max_error": 0.19593306383020834
    },
    "19": {
      "mean_error": 0.11396550290046548,
      "max_error": 0.22935077948407281
    },
    "20": {
      "mean_error": 0.0955353699176334,
      "max_error": 0.21484720924672607
    },
    "21": {
      "mean_error": 0.08408344900450214,
      "max_error": 0.17935234862148042
    },
    "22": {
      "mean_error": 0.11162241737255893,
      "max_error": 0.22386844115800358
    },
    "23": {
      "mean_error": 0.07745411996634857,
      "max_error": 0.14470035854703855
    },
    "24": {
      "mean_error": 0.09967659521477087,
      "max_error": 0.19778157296032925
    },
    "25": {
      "mean_error": 0.10519009812995632,
      "max_error": 0.20656751557192687
    },
    "26": {
      "mean_error": 0.08655469585300564,
      "max_error": 0.18060025826793047
    },
    "27": {
      "mean_error": 0.09727971566270927,
      "max_error": 0.21062181297355304
    },
    "28": {
      "mean_error": 0.10483941172160571,
      "max_error": 0.1972575493550199
    },
    "29": {
      "mean_error": 0.09652626119099617,
      "max_error": 0.17493656062566104
    },
    "30": {
      "mean_error": 0.10280387430018488,
      "max_error": 0.17139270342557675
    },
    "31": {
      "mean_error": 0.10200741701989612,
      "max_error": 0.23609779616506207
    },
    "32": {
      "mean_error": 0.10136864508252424,
      "max_error": 0.24507069210459836
    },
    "33": {
      "mean_error": 0.0630710043192032,
      "max_error": 0.11853214513294186
    },
    "34": {
      "mean_error": 0.07569543032447129,
      "max_error": 0.16952467960780343
    },
    "35": {
      "mean_error": 0.05515228898907036,
      "max_error": 0.11510288310655697
    },
    "36": {
      "mean_error": 0.07020903423968389,
      "max_error": 0.12906097383448237
    },
    "37": {
      "mean_error": 0.06535704146370445,
      "max_error": 0.12615506257993925
    },
    "38": {
      "mean_error": 0.04398909137741488,
      "max_error": 0.09882592151033887
    },
    "39": {
      "mean_error": 0.06598093819803774,
      "max_error": 0.13597303831860427
    },
    "40": {
      "mean_error": 0.06669179624105423,
      "max_error": 0.11203648172550473
    },
    "41": {
      "mean_error": 0.0678567282705937,
      "max_error": 0.1166732237856626
    },
    "42": {
      "mean_error": 0.05963765187045489,
      "max_error": 0.1306399357015807
    },
    "43": {
      "mean_error": 0.06512767986749879,
      "max_error": 0.1308523117715293
    },
    "44": {
      "mean_error": 0.0667652287086461,
      "max_error": 0.12179148299522273
    },
    "45": {
      "mean_error": 0.06560656713864249,
      "max_error": 0.1550693040572825
    },
    "46": {
      "mean_error": 0.06604723610339021,
      "max_error": 0.15559378770082413
    },
    "47": {
      "mean_error": 0.06437893361241769,
      "max_error": 0.15991020088660549
    },
    "48": {
      "mean_error": 0.062260700317359356,
      "max_error": 0.14244056209095812
    },
    "49": {
      "mean_error": 0.05361039135088683,
      "max_error": 0.09741505780236216
    },
    "50": {
      "mean_error": 0.05026787897340253,
      "max_error": 0.11660420720412787
    },
    "51": {
      "mean_error": 0.07469351233628307,
      "max_error": 0.13934650855639552
    },
    "52": {
      "mean_error": 0.05819759143212759,