{
  "_note": "SYNTHETIC DEFAULT — replace with real calibration data",
  "is_default": true,
  "image_size": [1920, 1080],
  "cameras": {
    "front": {
      "K": [[1920.0, 0, 960.0], [0, 1920.0, 540.0], [0, 0, 1]],
      "dist": [[0, 0, 0, 0, 0]],
      "R": [[1, 0, 0], [0, 1, 0], [0, 0, 1]],
      "T": [[0], [0], [3.0]]
    },
    "left": {
      "K": [[1920.0, 0, 960.0], [0, 1920.0, 540.0], [0, 0, 1]],
      "dist": [[0, 0, 0, 0, 0]],
      "R": [
        [0.5, 0, 0.8660254037844387],
        [0, 1, 0],
        [-0.8660254037844387, 0, 0.5]
      ],
      "T": [[-2.598076211353316], [0], [1.5]]
    },
    "right": {
      "K": [[1920.0, 0, 960.0], [0, 1920.0, 540.0], [0, 0, 1]],
      "dist": [[0, 0, 0, 0, 0]],
      "R": [
        [0.5, 0, -0.8660254037844387],
        [0, 1, 0],
        [0.8660254037844387, 0, 0.5]
      ],
      "T": [[2.598076211353316], [0], [1.5]]
    }
  }
}
